               epoch,      train/box_loss,      train/obj_loss,      train/cls_loss,   metrics/precision,      metrics/recall,     metrics/mAP_0.5,metrics/mAP_0.5:0.95,        val/box_loss,        val/obj_loss,        val/cls_loss,               x/lr0,               x/lr1,               x/lr2
                   0,             0.08821,             0.03386,            0.079242,           0.0064833,             0.93444,            0.071989,            0.031461,            0.045941,            0.012479,            0.062861,             0.07027,           0.0033033,           0.0033033
                   1,            0.057401,            0.028931,            0.070963,              0.1541,             0.28811,             0.17572,             0.11501,            0.038013,           0.0072773,            0.065016,            0.040237,           0.0066038,           0.0066038
                   2,            0.054002,            0.026119,            0.063946,             0.58128,             0.22444,             0.30183,             0.13499,            0.049535,           0.0062649,            0.054458,            0.010172,           0.0098713,           0.0098713
                   3,            0.050683,            0.024903,            0.055236,             0.49108,             0.43106,             0.38961,             0.17997,            0.040191,           0.0060766,            0.041817,           0.0098515,           0.0098515,           0.0098515
                   4,            0.047654,            0.023872,            0.045275,             0.45074,             0.50874,             0.57615,             0.26059,            0.045839,           0.0059638,            0.022793,           0.0098515,           0.0098515,           0.0098515
                   5,            0.047072,            0.023503,              0.0402,             0.58598,             0.69706,             0.68561,             0.45661,            0.036167,           0.0058594,            0.023236,            0.009802,            0.009802,            0.009802
                   6,            0.046905,            0.023366,            0.033452,             0.57321,             0.83271,             0.80767,              0.5577,            0.033534,           0.0057709,            0.021273,           0.0097525,           0.0097525,           0.0097525
                   7,            0.044785,            0.022975,            0.030403,             0.79834,             0.54659,             0.77678,             0.46256,            0.029051,            0.006104,            0.013076,            0.009703,            0.009703,            0.009703
                   8,            0.043218,            0.022412,            0.025714,             0.63876,             0.83323,             0.82755,             0.54526,            0.033589,           0.0060914,           0.0097682,           0.0096535,           0.0096535,           0.0096535
                   9,            0.043399,            0.022823,            0.024441,             0.72695,              0.6997,             0.83224,             0.54374,            0.028582,           0.0065939,            0.018976,            0.009604,            0.009604,            0.009604
                  10,            0.043673,            0.022547,            0.023573,             0.78901,             0.76914,             0.79813,             0.48485,            0.040464,           0.0057364,           0.0067339,           0.0095545,           0.0095545,           0.0095545
                  11,            0.043105,            0.021921,            0.021868,             0.66527,             0.81111,             0.79563,             0.55243,            0.029744,           0.0059378,            0.011777,            0.009505,            0.009505,            0.009505
                  12,            0.042172,            0.022389,              0.0194,             0.82568,             0.71128,              0.8349,             0.53666,            0.032267,           0.0056236,           0.0068513,           0.0094555,           0.0094555,           0.0094555
                  13,            0.041347,            0.021798,            0.019234,             0.81186,             0.80049,              0.8683,              0.5885,            0.026286,           0.0064189,           0.0076093,            0.009406,            0.009406,            0.009406
                  14,            0.040945,            0.021788,             0.01805,             0.84791,             0.77818,             0.85869,             0.62131,            0.026008,           0.0056803,           0.0050584,           0.0093565,           0.0093565,           0.0093565
                  15,            0.040932,            0.021748,            0.017373,             0.86988,             0.75216,             0.85751,             0.53452,            0.027093,           0.0060921,            0.010191,            0.009307,            0.009307,            0.009307
                  16,            0.041251,            0.021799,            0.017177,             0.72561,             0.86365,             0.86932,             0.63445,            0.026803,           0.0053861,           0.0044573,           0.0092575,           0.0092575,           0.0092575
                  17,            0.039401,            0.021372,            0.016232,             0.84004,             0.83791,             0.88855,             0.56539,            0.027854,           0.0061381,           0.0043862,            0.009208,            0.009208,            0.009208
                  18,            0.039613,            0.021792,            0.014634,               0.815,             0.82286,             0.89586,             0.57459,            0.028252,           0.0054715,            0.004038,           0.0091585,           0.0091585,           0.0091585
                  19,             0.03933,            0.020872,            0.013406,             0.64959,             0.87778,             0.84352,               0.577,            0.026633,           0.0056157,           0.0054774,            0.009109,            0.009109,            0.009109
                  20,            0.038182,            0.020689,             0.01275,             0.77853,             0.86775,             0.94021,             0.64511,            0.025367,           0.0057273,           0.0035731,           0.0090595,           0.0090595,           0.0090595
                  21,            0.038649,             0.02082,            0.014763,             0.73985,             0.92626,             0.91435,             0.61464,            0.023024,           0.0051849,           0.0029533,             0.00901,             0.00901,             0.00901
                  22,            0.037837,            0.020612,            0.012566,             0.77622,             0.91002,             0.94218,             0.64687,            0.024022,           0.0052857,           0.0036064,           0.0089605,           0.0089605,           0.0089605
                  23,            0.037594,            0.020999,            0.011083,             0.71454,             0.96761,             0.94023,             0.69129,            0.029068,            0.004703,           0.0033644,            0.008911,            0.008911,            0.008911
                  24,            0.036387,            0.020496,            0.012872,             0.88516,             0.87518,             0.95443,             0.64361,            0.030091,           0.0054085,           0.0021684,           0.0088615,           0.0088615,           0.0088615
                  25,            0.036452,            0.020592,            0.012746,              0.7757,             0.87746,             0.87726,             0.64099,            0.025542,           0.0057218,           0.0036815,            0.008812,            0.008812,            0.008812
                  26,            0.036398,            0.020241,            0.011992,             0.87518,              0.8554,             0.89465,             0.63449,            0.025569,           0.0058944,            0.002589,           0.0087625,           0.0087625,           0.0087625
                  27,             0.03626,            0.020678,            0.010789,             0.86695,              0.8417,              0.8675,             0.59531,            0.027901,           0.0055315,           0.0043604,            0.008713,            0.008713,            0.008713
                  28,             0.03524,            0.020471,            0.011123,             0.86333,             0.84489,             0.92445,             0.58519,            0.033855,             0.00611,           0.0026577,           0.0086635,           0.0086635,           0.0086635
                  29,             0.03652,            0.020131,           0.0096939,             0.82054,             0.84272,             0.93332,              0.6607,            0.030306,           0.0055909,           0.0028278,            0.008614,            0.008614,            0.008614
                  30,            0.036458,            0.020247,           0.0096452,             0.76702,             0.93111,             0.93083,             0.62698,            0.020986,            0.005549,           0.0020097,           0.0085645,           0.0085645,           0.0085645
                  31,            0.033955,             0.02013,           0.0094303,             0.87325,             0.86012,             0.93282,             0.60409,            0.026144,            0.005722,           0.0026456,            0.008515,            0.008515,            0.008515
                  32,            0.034451,            0.019946,           0.0094525,             0.92961,             0.81832,             0.93261,             0.59618,            0.028659,           0.0054488,           0.0026035,           0.0084655,           0.0084655,           0.0084655
                  33,            0.035426,            0.019588,            0.010368,             0.87453,             0.85812,             0.92761,             0.63222,            0.025369,           0.0054507,           0.0021642,            0.008416,            0.008416,            0.008416
                  34,            0.035167,            0.020435,            0.010014,             0.88087,             0.83974,              0.9118,             0.67428,            0.022947,           0.0062265,           0.0032489,           0.0083665,           0.0083665,           0.0083665
                  35,            0.033773,            0.019901,           0.0096077,             0.78479,             0.81128,             0.89083,             0.61884,            0.021763,           0.0055034,           0.0043459,            0.008317,            0.008317,            0.008317
                  36,            0.033967,             0.01968,           0.0087998,             0.88338,             0.82143,             0.92784,             0.65805,            0.022995,            0.005579,           0.0020371,           0.0082675,           0.0082675,           0.0082675
                  37,            0.033146,            0.019816,           0.0087697,             0.87232,             0.85836,             0.93179,             0.64872,            0.022768,            0.005609,           0.0021629,            0.008218,            0.008218,            0.008218
                  38,            0.033825,            0.019551,           0.0094274,             0.74085,             0.95538,             0.95636,             0.68343,            0.029551,           0.0053933,           0.0014785,           0.0081685,           0.0081685,           0.0081685
                  39,            0.034442,            0.020132,           0.0085476,             0.84967,             0.94622,             0.95871,              0.6715,            0.029317,           0.0051301,           0.0014906,            0.008119,            0.008119,            0.008119
                  40,            0.034396,             0.02013,           0.0073912,             0.79974,             0.94938,             0.96128,             0.66234,            0.023722,           0.0050721,           0.0017146,           0.0080695,           0.0080695,           0.0080695
                  41,            0.032499,            0.019357,            0.008577,             0.81611,             0.92258,             0.89178,             0.64038,            0.024457,           0.0055161,           0.0015268,             0.00802,             0.00802,             0.00802
                  42,             0.03249,            0.019353,           0.0075012,              0.8126,             0.94004,             0.93303,              0.6147,            0.023053,           0.0054548,           0.0019164,           0.0079705,           0.0079705,           0.0079705
                  43,            0.032409,            0.019239,           0.0073837,             0.76362,             0.93111,             0.93388,             0.66652,             0.02059,           0.0049708,           0.0016663,            0.007921,            0.007921,            0.007921
                  44,             0.03251,            0.019239,           0.0081028,             0.84788,             0.89013,             0.91234,             0.66221,            0.026773,           0.0056541,            0.003287,           0.0078715,           0.0078715,           0.0078715
                  45,            0.032022,            0.018952,            0.007691,             0.75289,             0.93812,             0.89269,             0.62004,            0.022901,           0.0055196,           0.0014707,            0.007822,            0.007822,            0.007822
                  46,            0.032318,            0.019047,           0.0078803,             0.87493,             0.87771,             0.95839,             0.68002,            0.022182,           0.0051677,           0.0016783,           0.0077725,           0.0077725,           0.0077725
                  47,             0.03193,            0.018755,           0.0069851,             0.81615,              0.9501,             0.96395,             0.65843,            0.024529,           0.0052817,           0.0017213,            0.007723,            0.007723,            0.007723
                  48,            0.031485,            0.018478,           0.0072179,             0.78859,             0.93092,             0.92495,               0.711,            0.022463,           0.0056214,           0.0025359,           0.0076735,           0.0076735,           0.0076735
                  49,            0.031957,            0.018426,           0.0079071,              0.7842,             0.92887,              0.9249,             0.67231,            0.019798,           0.0055563,           0.0033621,            0.007624,            0.007624,            0.007624
                  50,            0.031263,            0.018645,           0.0066274,             0.81554,             0.91444,             0.93717,             0.70019,            0.021147,            0.005594,           0.0020736,           0.0075745,           0.0075745,           0.0075745
                  51,            0.030962,            0.018682,           0.0063295,             0.83808,              0.9278,             0.92435,             0.66327,            0.022065,           0.0055196,           0.0012156,            0.007525,            0.007525,            0.007525
                  52,            0.030196,            0.018403,           0.0071007,             0.86785,             0.87459,             0.96241,             0.62291,            0.025945,           0.0051689,           0.0010164,           0.0074755,           0.0074755,           0.0074755
                  53,            0.030988,             0.01868,             0.00692,             0.79821,             0.95025,             0.96588,              0.6774,            0.024074,           0.0049062,           0.0011599,            0.007426,            0.007426,            0.007426
                  54,            0.029844,            0.018698,           0.0076182,             0.90747,             0.84047,             0.92855,             0.64792,            0.023711,           0.0057075,           0.0014555,           0.0073765,           0.0073765,           0.0073765
                  55,            0.030436,            0.018698,           0.0070801,             0.77445,             0.95407,              0.9625,             0.68695,            0.022355,           0.0053358,            0.001276,            0.007327,            0.007327,            0.007327
                  56,            0.029844,            0.018058,            0.006483,             0.90894,             0.86888,             0.96576,             0.71883,            0.018334,           0.0053282,            0.001302,           0.0072775,           0.0072775,           0.0072775
                  57,            0.030477,            0.018411,           0.0061463,             0.90065,             0.85822,             0.93172,             0.69572,            0.021731,           0.0058241,           0.0016555,            0.007228,            0.007228,            0.007228
                  58,            0.030207,            0.017919,           0.0063807,             0.87695,             0.92273,             0.95684,             0.68025,             0.02462,           0.0050955,            0.001281,           0.0071785,           0.0071785,           0.0071785
                  59,            0.030555,            0.018104,           0.0062563,             0.84434,             0.91761,             0.93488,             0.71908,            0.022193,           0.0055208,            0.002287,            0.007129,            0.007129,            0.007129
                  60,            0.030519,            0.018378,           0.0065495,             0.88062,             0.81747,             0.92926,             0.67684,            0.022483,           0.0057609,           0.0023324,           0.0070795,           0.0070795,           0.0070795
                  61,            0.030374,            0.018251,           0.0060072,             0.87339,             0.86083,              0.9247,             0.63609,            0.021848,           0.0059686,           0.0016771,             0.00703,             0.00703,             0.00703
                  62,             0.02971,            0.018319,           0.0064267,             0.87269,             0.93111,             0.93668,             0.66403,            0.021111,           0.0058188,           0.0011548,           0.0069805,           0.0069805,           0.0069805
                  63,            0.029597,            0.018371,           0.0057096,             0.78548,             0.93111,             0.93573,             0.63613,            0.024776,            0.005887,           0.0011526,            0.006931,            0.006931,            0.006931
                  64,            0.030266,            0.017855,           0.0052433,             0.87231,             0.93036,             0.92049,             0.64204,            0.024633,           0.0056727,           0.0013174,           0.0068815,           0.0068815,           0.0068815
                  65,            0.028285,            0.017238,           0.0054716,             0.93134,             0.77915,             0.93991,             0.70725,            0.022969,           0.0047953,           0.0011919,            0.006832,            0.006832,            0.006832
                  66,             0.02953,            0.017914,           0.0059658,             0.83301,             0.93111,             0.93219,             0.68498,            0.026459,           0.0056543,           0.0013784,           0.0067825,           0.0067825,           0.0067825
                  67,             0.02978,            0.018139,           0.0058194,             0.75579,             0.93111,             0.92654,              0.6719,            0.022788,           0.0054367,           0.0011847,            0.006733,            0.006733,            0.006733
                  68,            0.028659,            0.017897,           0.0049594,             0.78286,             0.95063,             0.95733,             0.68659,            0.024669,           0.0053422,           0.0008602,           0.0066835,           0.0066835,           0.0066835
                  69,            0.028262,            0.017624,           0.0052589,             0.89084,             0.85049,             0.94359,             0.67188,            0.020749,           0.0052702,          0.00098709,            0.006634,            0.006634,            0.006634
                  70,            0.028118,            0.017699,           0.0049453,             0.89627,             0.86325,             0.93393,             0.67138,            0.027574,           0.0056374,           0.0010285,           0.0065845,           0.0065845,           0.0065845
                  71,            0.028231,            0.017103,           0.0056761,             0.86299,             0.93111,             0.91995,              0.6747,            0.021231,           0.0053232,           0.0010774,            0.006535,            0.006535,            0.006535
                  72,            0.027536,             0.01764,           0.0048982,              0.7891,             0.93111,             0.93242,             0.67811,            0.024957,           0.0058217,           0.0011928,           0.0064855,           0.0064855,           0.0064855
                  73,            0.027755,            0.017163,           0.0050195,             0.83238,             0.92574,             0.92862,             0.65847,            0.021889,             0.00613,           0.0015683,            0.006436,            0.006436,            0.006436
                  74,             0.02754,            0.017083,           0.0047006,             0.91103,             0.85645,             0.92841,             0.67508,            0.023724,           0.0056825,           0.0019729,           0.0063865,           0.0063865,           0.0063865
                  75,            0.027904,            0.017073,           0.0044166,             0.83236,             0.93111,             0.88248,             0.69303,            0.022258,           0.0058033,           0.0018264,            0.006337,            0.006337,            0.006337
                  76,            0.027526,            0.016902,           0.0044539,             0.79469,             0.93111,             0.93226,             0.70334,            0.021308,           0.0056827,           0.0020535,           0.0062875,           0.0062875,           0.0062875
                  77,            0.027767,            0.016972,           0.0043108,              0.8718,             0.93111,             0.93435,             0.67933,            0.023289,           0.0056663,           0.0013802,            0.006238,            0.006238,            0.006238
                  78,            0.027721,             0.01743,           0.0050375,              0.7543,             0.88244,             0.92349,             0.70133,            0.021845,           0.0049224,          0.00094265,           0.0061885,           0.0061885,           0.0061885
                  79,            0.027256,            0.017098,           0.0047676,             0.77735,             0.93111,             0.89481,             0.66449,             0.02499,           0.0062895,           0.0013321,            0.006139,            0.006139,            0.006139
                  80,             0.02708,             0.01652,           0.0047493,              0.7928,             0.93111,             0.89667,               0.655,            0.023473,           0.0062678,           0.0022202,           0.0060895,           0.0060895,           0.0060895
                  81,            0.027174,            0.016763,           0.0045569,             0.81763,             0.93111,             0.92875,             0.65948,            0.025582,           0.0058889,           0.0028206,             0.00604,             0.00604,             0.00604
                  82,            0.026915,            0.016384,           0.0044376,             0.88569,             0.86444,             0.92786,             0.67227,            0.025869,            0.005636,           0.0010895,           0.0059905,           0.0059905,           0.0059905
                  83,            0.027255,            0.016751,           0.0049648,             0.84997,             0.93111,             0.93509,             0.66298,            0.024992,            0.005794,          0.00084127,            0.005941,            0.005941,            0.005941
                  84,            0.026778,            0.017034,           0.0040189,             0.80235,             0.93111,             0.93203,             0.68758,            0.021096,           0.0053418,          0.00089437,           0.0058915,           0.0058915,           0.0058915
                  85,            0.026234,            0.016831,           0.0035721,             0.79805,             0.93111,             0.92802,             0.68625,            0.022471,           0.0055807,           0.0013631,            0.005842,            0.005842,            0.005842
                  86,            0.025818,            0.016681,           0.0037848,             0.87086,             0.92966,             0.93236,             0.68088,            0.023394,           0.0055423,          0.00088708,           0.0057925,           0.0057925,           0.0057925
                  87,            0.026141,            0.016505,            0.003996,              0.8813,              0.8559,             0.92961,             0.65479,            0.025906,           0.0054398,          0.00076291,            0.005743,            0.005743,            0.005743
                  88,            0.026179,            0.016713,           0.0038388,             0.77014,             0.93111,             0.92838,             0.62952,            0.024529,           0.0055556,          0.00088038,           0.0056935,           0.0056935,           0.0056935
                  89,            0.027019,            0.016602,           0.0039935,             0.86595,             0.86444,             0.92793,             0.65895,            0.024693,           0.0060132,           0.0011632,            0.005644,            0.005644,            0.005644
                  90,            0.025924,            0.016677,           0.0042418,             0.70565,             0.93111,             0.92397,             0.63352,            0.025976,           0.0054514,            0.000601,           0.0055945,           0.0055945,           0.0055945
                  91,            0.025744,            0.016356,           0.0038925,             0.78838,             0.93111,             0.92824,             0.65813,            0.022728,            0.005523,          0.00088013,            0.005545,            0.005545,            0.005545
                  92,            0.025902,             0.01632,           0.0036888,              0.7987,             0.93111,             0.92144,             0.67261,            0.025297,           0.0053444,          0.00069438,           0.0054955,           0.0054955,           0.0054955
                  93,             0.02593,            0.016165,            0.003969,             0.82433,             0.86444,              0.9292,             0.65433,            0.023624,            0.005594,          0.00073875,            0.005446,            0.005446,            0.005446
                  94,            0.025724,            0.016452,           0.0041146,             0.82898,             0.93019,             0.93042,               0.645,            0.024232,           0.0050881,          0.00075255,           0.0053965,           0.0053965,           0.0053965
                  95,            0.025691,            0.015879,            0.003437,              0.7232,             0.93111,             0.92408,             0.67924,            0.026094,           0.0049405,           0.0010266,            0.005347,            0.005347,            0.005347
                  96,            0.025093,            0.015804,            0.003341,              0.7245,             0.95627,             0.96145,             0.66797,            0.024602,           0.0053267,           0.0005875,           0.0052975,           0.0052975,           0.0052975
                  97,            0.025102,            0.016235,           0.0036667,             0.76278,             0.92265,             0.93729,             0.67039,            0.024844,           0.0051479,           0.0013912,            0.005248,            0.005248,            0.005248
                  98,            0.025378,            0.015588,           0.0035712,             0.94202,             0.78256,             0.92814,             0.65292,            0.024601,           0.0055249,          0.00063852,           0.0051985,           0.0051985,           0.0051985
                  99,            0.025539,            0.016323,           0.0041887,             0.71653,             0.93111,             0.93524,             0.66398,            0.026357,           0.0050755,          0.00083119,            0.005149,            0.005149,            0.005149
                 100,             0.02539,            0.016054,           0.0042257,             0.82217,             0.86444,             0.93048,             0.65207,             0.02395,           0.0051296,          0.00055622,           0.0050995,           0.0050995,           0.0050995
                 101,            0.025298,            0.015923,           0.0037958,             0.91491,             0.79022,             0.86187,             0.63764,            0.027415,           0.0056272,           0.0011755,             0.00505,             0.00505,             0.00505
                 102,            0.024404,            0.015627,           0.0030411,             0.82993,             0.93111,             0.92821,             0.66389,            0.026149,           0.0053484,          0.00076591,           0.0050005,           0.0050005,           0.0050005
                 103,            0.025014,            0.015759,            0.003851,             0.80276,             0.93111,             0.92815,             0.65588,            0.029074,            0.005506,          0.00095123,            0.004951,            0.004951,            0.004951
                 104,            0.024249,            0.015603,           0.0041061,             0.83483,             0.93111,             0.92789,             0.67162,            0.024721,           0.0057299,           0.0006736,           0.0049015,           0.0049015,           0.0049015
                 105,            0.024367,            0.016082,           0.0038278,             0.90308,             0.86444,             0.92813,              0.6598,            0.026076,            0.005795,          0.00060372,            0.004852,            0.004852,            0.004852
                 106,             0.02463,            0.015889,           0.0035902,             0.89891,             0.86444,               0.929,             0.66979,            0.022495,           0.0056057,          0.00065157,           0.0048025,           0.0048025,           0.0048025
                 107,            0.024455,             0.01586,           0.0034047,             0.83951,             0.93111,             0.94975,             0.72244,             0.02613,           0.0051417,           0.0006005,            0.004753,            0.004753,            0.004753
                 108,            0.024245,            0.015534,           0.0028185,             0.76599,             0.95439,             0.96083,             0.70459,            0.025733,           0.0051451,          0.00055485,           0.0047035,           0.0047035,           0.0047035
                 109,            0.024218,            0.015636,           0.0031297,             0.71743,             0.93111,             0.93142,             0.66561,            0.025644,           0.0057013,          0.00076443,            0.004654,            0.004654,            0.004654
                 110,            0.024731,            0.015508,           0.0033109,             0.82765,             0.93111,             0.92821,             0.65389,            0.023449,           0.0053964,           0.0005239,           0.0046045,           0.0046045,           0.0046045
                 111,            0.024665,            0.015746,           0.0035496,             0.81801,             0.93111,             0.92843,             0.67828,            0.024576,           0.0052333,           0.0004853,            0.004555,            0.004555,            0.004555
                 112,            0.023914,            0.015327,           0.0034068,             0.79743,             0.93111,             0.92847,             0.65189,             0.02486,           0.0057516,          0.00081924,           0.0045055,           0.0045055,           0.0045055
                 113,            0.023217,             0.01549,           0.0028747,             0.91104,             0.86444,             0.92099,             0.66612,            0.024997,           0.0054145,          0.00095151,            0.004456,            0.004456,            0.004456
                 114,            0.022786,            0.015348,           0.0030317,             0.89151,             0.86444,             0.92848,             0.67747,             0.02553,           0.0056233,          0.00063746,           0.0044065,           0.0044065,           0.0044065
                 115,            0.023578,             0.01575,           0.0029091,             0.88653,             0.93111,             0.92861,             0.66561,            0.022613,           0.0057354,          0.00066875,            0.004357,            0.004357,            0.004357
                 116,            0.023195,            0.014984,            0.002268,             0.86803,             0.93111,             0.92852,              0.6625,            0.024584,           0.0056698,           0.0011924,           0.0043075,           0.0043075,           0.0043075
                 117,            0.022793,             0.01508,           0.0032292,             0.79249,             0.93111,             0.92826,             0.67393,            0.022972,           0.0058353,            0.001108,            0.004258,            0.004258,            0.004258
                 118,             0.02309,            0.015226,           0.0027678,             0.77998,             0.93111,             0.92834,              0.6536,             0.02346,           0.0059319,           0.0010952,           0.0042085,           0.0042085,           0.0042085
                 119,            0.023353,            0.014924,           0.0032075,             0.88633,             0.93111,             0.92833,             0.67519,            0.021978,           0.0056975,          0.00094538,            0.004159,            0.004159,            0.004159
                 120,            0.023504,             0.01498,            0.002762,             0.82363,             0.93111,             0.92887,             0.69911,            0.025901,           0.0059371,          0.00081342,           0.0041095,           0.0041095,           0.0041095
                 121,            0.023409,            0.015448,           0.0028996,             0.74281,             0.95541,              0.9608,             0.69905,            0.025219,           0.0054834,          0.00040089,             0.00406,             0.00406,             0.00406
                 122,            0.022868,            0.015403,           0.0028267,             0.87228,             0.93111,              0.9498,              0.6733,            0.021226,            0.005501,          0.00036903,           0.0040105,           0.0040105,           0.0040105
                 123,            0.022775,            0.014904,           0.0036219,             0.83602,             0.94602,             0.96084,             0.69402,            0.023628,           0.0054038,          0.00052502,            0.003961,            0.003961,            0.003961
                 124,            0.022594,            0.014953,           0.0028067,             0.81679,             0.93111,             0.89539,             0.63161,            0.024534,           0.0059905,          0.00074199,           0.0039115,           0.0039115,           0.0039115
                 125,            0.022255,            0.015161,            0.003052,             0.86569,             0.86444,             0.92848,               0.667,            0.025288,           0.0061069,          0.00053839,            0.003862,            0.003862,            0.003862
                 126,            0.022626,            0.014998,           0.0027956,             0.81832,             0.93111,             0.92102,             0.65908,            0.022472,            0.005899,          0.00058986,           0.0038125,           0.0038125,           0.0038125
                 127,            0.022075,            0.014284,           0.0026068,             0.74537,             0.93111,             0.92931,             0.66753,            0.023102,            0.005651,          0.00041685,            0.003763,            0.003763,            0.003763
                 128,            0.022352,            0.014379,            0.002738,             0.84899,             0.93111,             0.93713,             0.66893,            0.022676,           0.0056322,           0.0003992,           0.0037135,           0.0037135,           0.0037135
                 129,             0.02187,            0.014936,           0.0028445,             0.84819,             0.86444,             0.92884,              0.6602,            0.023224,           0.0059607,          0.00045981,            0.003664,            0.003664,            0.003664
                 130,            0.021867,            0.014433,           0.0026062,             0.84171,             0.93111,             0.89534,             0.64833,            0.025066,            0.005883,          0.00054023,           0.0036145,           0.0036145,           0.0036145
                 131,            0.021627,            0.014551,           0.0025966,             0.86558,             0.86444,             0.89542,               0.677,            0.023828,           0.0057523,          0.00036584,            0.003565,            0.003565,            0.003565
                 132,            0.022238,            0.014237,           0.0028891,             0.77438,             0.93111,             0.92855,              0.6747,            0.022848,           0.0057678,          0.00038568,           0.0035155,           0.0035155,           0.0035155
                 133,            0.022075,            0.014529,           0.0024106,             0.84012,             0.93111,             0.92856,             0.66104,            0.025053,           0.0057549,          0.00035051,            0.003466,            0.003466,            0.003466
                 134,            0.021756,            0.014487,            0.002501,             0.89503,             0.93111,             0.92844,             0.69065,             0.02412,           0.0055552,          0.00036259,           0.0034165,           0.0034165,           0.0034165
                 135,            0.021518,            0.014275,           0.0023403,             0.88257,             0.93111,             0.92866,             0.66417,            0.024774,           0.0054753,          0.00041359,            0.003367,            0.003367,            0.003367
                 136,            0.020913,            0.013962,           0.0025495,             0.81822,             0.93111,              0.9288,             0.65916,            0.025449,           0.0053685,           0.0004707,           0.0033175,           0.0033175,           0.0033175
                 137,            0.021371,            0.014187,           0.0023601,             0.87644,             0.93111,             0.92873,             0.66548,            0.024704,           0.0055208,          0.00059781,            0.003268,            0.003268,            0.003268
                 138,            0.021854,            0.014074,           0.0020365,             0.86445,             0.93111,             0.92892,             0.66229,            0.025609,           0.0055959,          0.00077311,           0.0032185,           0.0032185,           0.0032185
                 139,            0.021132,             0.01401,           0.0021043,             0.88962,             0.93111,             0.92885,                0.65,            0.025131,           0.0053234,          0.00054342,            0.003169,            0.003169,            0.003169
                 140,            0.021156,            0.014052,           0.0021571,             0.89393,             0.93111,             0.92867,             0.63771,            0.024197,            0.005409,          0.00035969,           0.0031195,           0.0031195,           0.0031195
                 141,            0.020985,            0.014148,           0.0023898,             0.92412,             0.93019,             0.92889,              0.6687,             0.02507,           0.0055017,          0.00032942,             0.00307,             0.00307,             0.00307
                 142,             0.02157,            0.014292,           0.0020297,             0.86734,             0.93111,             0.92878,             0.67079,            0.023542,           0.0055397,          0.00036296,           0.0030205,           0.0030205,           0.0030205
                 143,            0.020888,            0.013931,           0.0022142,             0.86028,             0.93111,             0.92136,             0.67357,            0.024464,           0.0055192,          0.00031688,            0.002971,            0.002971,            0.002971
                 144,            0.020414,            0.014124,           0.0020872,              0.9213,             0.85125,             0.92869,             0.66007,             0.02346,           0.0055861,          0.00031217,           0.0029215,           0.0029215,           0.0029215
                 145,            0.020766,            0.013871,             0.00204,             0.85975,             0.93111,             0.93332,             0.67509,            0.022805,           0.0055499,          0.00025751,            0.002872,            0.002872,            0.002872
                 146,            0.020583,            0.014104,           0.0021359,             0.86495,             0.93111,             0.92926,             0.66527,            0.023585,           0.0056589,          0.00030277,           0.0028225,           0.0028225,           0.0028225
                 147,            0.021065,            0.014225,           0.0025356,             0.92891,             0.85716,             0.92951,             0.65977,            0.024523,           0.0054691,          0.00033031,            0.002773,            0.002773,            0.002773
                 148,            0.020352,            0.013792,           0.0023492,             0.79046,             0.93111,             0.92922,             0.65663,            0.024569,           0.0056355,          0.00033461,           0.0027235,           0.0027235,           0.0027235
                 149,            0.020519,            0.013905,           0.0023228,             0.89871,             0.93111,             0.92904,             0.67065,            0.023656,           0.0056682,            0.000319,            0.002674,            0.002674,            0.002674
                 150,            0.020686,            0.013832,           0.0019297,             0.92559,             0.85795,             0.92898,             0.67704,            0.022822,           0.0056529,           0.0002638,           0.0026245,           0.0026245,           0.0026245
                 151,            0.020166,            0.013485,           0.0018852,               0.927,             0.86444,             0.92921,             0.64843,            0.022906,           0.0056202,          0.00025762,            0.002575,            0.002575,            0.002575
                 152,            0.020356,            0.013383,           0.0021189,             0.82822,             0.93111,             0.92875,              0.6767,            0.026362,           0.0056875,          0.00035044,           0.0025255,           0.0025255,           0.0025255
                 153,            0.020827,            0.013906,           0.0022198,             0.84488,             0.93111,             0.92983,             0.66479,              0.0244,           0.0057616,          0.00026176,            0.002476,            0.002476,            0.002476
                 154,            0.020636,            0.013865,           0.0019262,             0.88872,             0.93111,             0.92956,             0.67439,            0.024756,            0.005897,          0.00027354,           0.0024265,           0.0024265,           0.0024265
                 155,            0.020929,            0.013574,           0.0020629,             0.89081,             0.93111,              0.9293,              0.6922,              0.0238,           0.0062156,          0.00036047,            0.002377,            0.002377,            0.002377
                 156,            0.019623,            0.013763,           0.0018051,              0.8705,             0.93111,             0.92918,             0.65105,            0.025161,           0.0059733,          0.00047901,           0.0023275,           0.0023275,           0.0023275
                 157,             0.02011,            0.013496,           0.0018425,             0.82419,             0.93111,              0.9301,             0.66104,            0.024281,           0.0060048,          0.00054067,            0.002278,            0.002278,            0.002278
                 158,            0.019431,            0.013164,           0.0019573,             0.86988,             0.93111,             0.93039,             0.67321,             0.02408,           0.0057235,          0.00027332,           0.0022285,           0.0022285,           0.0022285
                 159,            0.019658,            0.013275,           0.0019552,             0.87369,             0.93111,             0.93259,             0.66315,            0.024187,           0.0057318,          0.00024982,            0.002179,            0.002179,            0.002179
                 160,            0.019785,            0.013354,            0.001907,             0.88731,             0.93111,             0.93111,             0.65598,            0.025349,           0.0057085,          0.00025572,           0.0021295,           0.0021295,           0.0021295
                 161,            0.019237,            0.013487,            0.001645,             0.91451,             0.93111,             0.93154,             0.66711,            0.023174,           0.0059743,          0.00030058,             0.00208,             0.00208,             0.00208
                 162,            0.018989,            0.013132,           0.0021451,             0.82451,             0.93111,             0.93055,             0.67956,            0.024198,           0.0057783,          0.00043395,           0.0020305,           0.0020305,           0.0020305
                 163,            0.019676,            0.013361,           0.0016568,             0.87458,             0.93111,              0.9311,             0.68263,            0.023598,            0.005887,          0.00038903,            0.001981,            0.001981,            0.001981
                 164,            0.019593,            0.012986,             0.00173,             0.88937,             0.93111,             0.93091,             0.66597,            0.024159,           0.0060599,          0.00031435,           0.0019315,           0.0019315,           0.0019315
                 165,            0.019375,            0.012778,           0.0017734,             0.90722,             0.93111,             0.93171,             0.67946,            0.023044,            0.005909,          0.00036169,            0.001882,            0.001882,            0.001882
                 166,            0.019579,            0.013393,           0.0019249,             0.81752,             0.93111,               0.931,               0.658,            0.023688,           0.0058227,          0.00044726,           0.0018325,           0.0018325,           0.0018325
                 167,            0.019166,            0.013029,           0.0018615,             0.86175,             0.93111,             0.93086,             0.67007,            0.024131,           0.0059731,           0.0003675,            0.001783,            0.001783,            0.001783
                 168,            0.019016,            0.013059,           0.0017305,             0.80108,             0.93111,             0.93168,             0.67741,            0.023471,           0.0058534,          0.00047402,           0.0017335,           0.0017335,           0.0017335
                 169,            0.019189,            0.013092,           0.0016268,             0.94079,             0.85558,             0.93124,             0.67281,            0.022433,           0.0056024,          0.00037624,            0.001684,            0.001684,            0.001684
                 170,            0.018693,            0.012958,            0.001938,             0.93889,             0.86444,             0.93168,              0.6409,            0.024557,           0.0056551,          0.00038225,           0.0016345,           0.0016345,           0.0016345
                 171,            0.018818,            0.013172,           0.0014963,             0.94281,             0.86444,             0.93209,             0.65666,            0.023449,           0.0058248,          0.00044196,            0.001585,            0.001585,            0.001585
                 172,              0.0186,            0.013016,           0.0015996,             0.83985,             0.93111,             0.93301,             0.66186,            0.024151,           0.0059745,          0.00044988,           0.0015355,           0.0015355,           0.0015355
                 173,            0.018677,            0.012615,           0.0014179,             0.93631,             0.86444,             0.93284,             0.64619,            0.023961,           0.0058095,          0.00035009,            0.001486,            0.001486,            0.001486
                 174,            0.018107,            0.012756,           0.0016321,             0.91049,             0.86444,             0.93305,             0.66671,            0.023548,           0.0057621,           0.0002703,           0.0014365,           0.0014365,           0.0014365
                 175,            0.018005,            0.012778,           0.0012885,             0.92512,             0.86444,             0.93434,             0.66508,             0.02356,           0.0056982,          0.00034555,            0.001387,            0.001387,            0.001387
                 176,            0.017803,            0.012841,           0.0012538,             0.93521,             0.86444,             0.93711,             0.68046,             0.02363,           0.0057251,          0.00028569,           0.0013375,           0.0013375,           0.0013375
                 177,            0.018458,            0.012727,           0.0014865,             0.94032,             0.86444,             0.93309,             0.66039,            0.023351,           0.0059493,          0.00031899,            0.001288,            0.001288,            0.001288
                 178,            0.017504,            0.012587,           0.0013835,              0.9506,             0.86114,             0.93455,             0.67198,            0.024289,           0.0057452,          0.00025406,           0.0012385,           0.0012385,           0.0012385
                 179,            0.018189,            0.013131,            0.001517,             0.94594,             0.85919,             0.93482,             0.67072,            0.024182,           0.0056572,          0.00027302,            0.001189,            0.001189,            0.001189
                 180,            0.018325,            0.012723,            0.001647,              0.9536,             0.85434,             0.93453,             0.66515,            0.023779,             0.00565,          0.00024889,           0.0011395,           0.0011395,           0.0011395
                 181,            0.017396,            0.012563,           0.0014014,             0.83909,             0.93111,             0.93328,             0.66446,            0.023674,           0.0058136,          0.00022639,             0.00109,             0.00109,             0.00109
                 182,            0.017901,            0.012489,           0.0015663,             0.95061,             0.85992,             0.93306,             0.65623,            0.024212,           0.0058711,          0.00025096,           0.0010405,           0.0010405,           0.0010405
                 183,            0.017735,            0.012429,            0.001538,             0.94819,             0.85937,             0.93309,             0.66563,            0.023155,           0.0057447,          0.00033332,            0.000991,            0.000991,            0.000991
                 184,             0.01832,            0.013006,           0.0014427,             0.94656,             0.86444,             0.93457,             0.67291,            0.023429,            0.005836,          0.00039666,           0.0009415,           0.0009415,           0.0009415
                 185,            0.017373,            0.012464,            0.001391,             0.93925,             0.86444,             0.92774,             0.66295,            0.023743,           0.0059419,          0.00036236,            0.000892,            0.000892,            0.000892
                 186,            0.017627,            0.012696,           0.0011212,             0.94705,             0.86444,             0.93508,             0.66574,            0.024354,           0.0058949,          0.00037074,           0.0008425,           0.0008425,           0.0008425
                 187,             0.01753,            0.012319,           0.0013397,             0.94639,             0.86082,             0.93558,             0.66145,            0.024429,           0.0059824,          0.00038001,            0.000793,            0.000793,            0.000793
                 188,            0.017651,            0.012581,           0.0013355,             0.94396,             0.86178,              0.9356,             0.66498,             0.02429,            0.005944,          0.00033795,           0.0007435,           0.0007435,           0.0007435
                 189,            0.017362,            0.012287,           0.0015682,             0.94029,             0.86136,             0.93813,             0.66221,            0.024298,           0.0059483,          0.00027718,            0.000694,            0.000694,            0.000694
                 190,            0.017297,             0.01247,           0.0010801,             0.94353,             0.86205,             0.93795,             0.66599,            0.024017,           0.0060003,          0.00026122,           0.0006445,           0.0006445,           0.0006445
                 191,            0.016792,            0.012035,           0.0011108,              0.9362,             0.86444,             0.93804,             0.65193,            0.024131,           0.0059564,          0.00025478,            0.000595,            0.000595,            0.000595
                 192,            0.016523,            0.012297,           0.0012444,             0.94285,             0.86096,             0.93512,             0.65937,            0.024222,           0.0058904,          0.00022042,           0.0005455,           0.0005455,           0.0005455
                 193,            0.017055,            0.012466,           0.0011162,             0.94313,             0.85957,             0.93836,             0.65932,            0.024505,           0.0059717,          0.00024633,            0.000496,            0.000496,            0.000496
                 194,            0.017318,            0.012405,           0.0014092,             0.94054,             0.86044,             0.93537,             0.65601,            0.023913,           0.0059547,          0.00023994,           0.0004465,           0.0004465,           0.0004465
                 195,            0.017044,            0.012329,           0.0013466,             0.93476,             0.86129,             0.93537,             0.66253,            0.023144,           0.0059268,          0.00023005,            0.000397,            0.000397,            0.000397
                 196,            0.017023,            0.012476,           0.0015003,              0.9334,             0.86183,             0.93611,             0.67052,             0.02363,           0.0059507,          0.00022524,           0.0003475,           0.0003475,           0.0003475
                 197,            0.016967,            0.012511,           0.0014552,             0.93961,             0.86146,             0.93592,             0.65883,            0.023252,           0.0059133,          0.00020871,            0.000298,            0.000298,            0.000298
                 198,            0.016493,            0.012432,           0.0013206,             0.93706,             0.86297,             0.93696,             0.66542,            0.023586,           0.0058889,          0.00021159,           0.0002485,           0.0002485,           0.0002485
                 199,            0.016759,            0.012314,           0.0012955,             0.93747,             0.86217,             0.93916,             0.67221,            0.023925,           0.0059497,          0.00023174,            0.000199,            0.000199,            0.000199
